Record ID,Title,Description,Style,Character,Additional Details,Story,Final Video,Aspect Ratio,Overall Status,Instagram,Youtube,TikTok,Execute,created time,last modified time,Content_Assets_status,Asset Tags,Assets Count
recnAK3dTlX42NG91,New Spaceship Adventures,"When Lora, a daring young pilot, crashes her scapeship on a lost star island drifting through the cosmos, she discovers an ancient map encoded in stardust. To return home—and uncover her family’s forgotten legacy—she must journey across strange galaxies, forge bonds with alien lifeforms, and unlock the secrets of the universe’s heartbeat.","Sci-fi fantasy with a Ghibli-esque emotional core—visually rich, awe-inspiring, and filled with themes of identity,","Lora— a beautify pilot with nebula goggles, a patched-up jacket",Sci-fi fantasy with a Ghibli style,"Story Summary: Lora, a daring pilot with nebula goggles, crashes on a cosmic island. Discovering a stardust map, she embarks on a journey through alien worlds to uncover her family’s legacy and find home.

Scene 1: Lora, the daring pilot, crash-lands her patched-up spaceship on a shimmering star island, nebula goggles reflecting swirling cosmic mists.
Scene 2: Lora, the curious adventurer, uncovers an ancient map glowing with stardust, its symbols pulsating like a heartbeat under her touch.
Scene 3: Lora, the fearless explorer, stumbles into a vibrant alien jungle, bioluminescent creatures guiding her through neon-hued foliage.
Scene 4: Lora, the empathetic wanderer, bonds with a telepathic alien being, sharing memories of her forgotten family as stars cascade above.
Scene 5: Lora, the determined navigator, pilots a rickety alien ship through a galactic storm, her patched-up jacket fluttering like a battle flag.
Scene 6: Lora, the triumphant hero, unlocks the map’s final secret, a portal shimmering like liquid gold, beckoning her toward home and newfound purpose.",https://storage.googleapis.com/video-rendering-toolkit-bucket/44c0f7de-beeb-4709-91a8-e6b029e2b7a0_captioned.mp4,9:16,🌐 Published,,Uploaded,,,4/20/2025 4:02pm,5/6/2025 6:49pm,"rechn5ReobelZ2sfe,recL2fH7SZo8dwrla,rec8LQ6c8lAqg5fOv,recp7lKMluzOeWgdV,reco3iTezHw1h30WT,rec1DrGTTuh9n6P4Y,recGiFwXrwSPZ0f2i,recs1gPHIpGLqgGHT,recoXTS0EuYeivfjy,reck6gdeuc8gZsnrt,recL7qhpDynQxMZqe,recmaWgctJFca5Nhz,recLnhjjsv8g15ngB,rec6TUQ2pttljGyWD,recP5NEMLZOVSs877,recnzH7vqpSIX55fA,rec1qztd2gvrObUu8,recJwmedtRFlghMzR,recemc0a7YaJokerz","Image-Approved,Image-Approved,Image-Approved,Image-Approved,Image-Approved,Image-Approved,Video-Approved,Video-Approved,Video-Approved,Video-Approved,Video-Approved,Video-Approved,Voiceover-Approved,Voiceover-Approved,Voiceover-Approved,Voiceover-Approved,Voiceover-Approved,Voiceover-Approved,Music-Approved",No asset info
rec3lnsXg42rkIYQf,Echoes Beyond the Moon,"On the abandoned moon of Lysara, Kael, a mute star cartographer, discovers an AI girl built from forgotten lullabies. As the moon begins to crumble, the two must decipher lost constellations to awaken the bridge between galaxies and find their place in the stars.","Poetic sci-fi—melancholic, mystical, and visually serene, with themes of memory, companionship, and cosmic silence.","Kael — a quiet boy with a mechanical quill, sketching the universe while hiding from his own past.","Floating libraries, silver wind gardens, AI dreams, crumbling star bridges, and love that doesn’t need words.","Story Summary: On the crumbling moon of Lysara, Kael, a mute cartographer, finds an AI built from lullabies. Together, they navigate floating libraries and star bridges, seeking lost constellations and cosmic belonging.

Scene 1: Kael sketches silently in a silver wind garden, mechanical quill glowing faintly as the moon trembles beneath his feet.  
Scene 2: Kael stumbles upon a floating library, where an AI girl hums forgotten lullabies amidst shattered star charts.  
Scene 3: The AI girl, luminous and ethereal, points to crumbling star bridges, her eyes reflecting constellations Kael has never seen.  
Scene 4: Kael and the AI girl drift through a cavern of crystallized memories, deciphering cryptic star maps carved into the walls.  
Scene 5: As the moon fractures, Kael and the AI girl stand at the edge of a collapsing bridge, hands clasped, ready to leap into the void.  
Scene 6: Kael and the AI girl awaken in a new galaxy, their silence a shared language as the stars form a path to a new beginning.",https://storage.googleapis.com/video-rendering-toolkit-bucket/75484931-f671-459d-9d5c-9bf2ab8c5d35_captioned.mp4,16:9,🌐 Published,,,,,4/22/2025 12:48pm,5/2/2025 8:24pm,"recyGdU3h3SWLuZZv,rec5AnfzRw9CWgZGS,rec7g3sLi1H343xBL,recDzBS1eQxnqCjtz,recpGmT1xPVjUmRNV,recuz6A14GJniD9qp,recwMslblu42S9Aox,recK7GFZTGU96Bk0Z,recGhWykjXhTsr0YK,recpz9DTICsIKU21I,reciFdNSMx28Ln83x,recZTWSUzmXoXNbo1,recjXp6yrFgms30yF,recH82iIJFbOeCgUg,rechLBuxemtH4DMyp,rec8WDawpfAJZifJG,recfMLfodCStwp6yA,recjcwVWTuOlHQptf,recyTL3EyNnXKqU0x","Image-Approved,Image-Approved,Image-Approved,Image-Approved,Image-Approved,Image-Approved,Video-Approved,Video-Approved,Video-Approved,Video-Approved,Video-Approved,Video-Approved,Voiceover-Approved,Voiceover-Approved,Voiceover-Approved,Voiceover-Approved,Voiceover-Approved,Voiceover-Approved,Music-Approved",No asset info
reciC5lflRKyqLMEc,Adventures of Huckleberry Finn,"1. The Lightning Gambit
A crack of lightning splits the summer sky over St. Petersburg, Missouri. In the dead of night, sixteen‑year‑old Huck “Quicksilver” Finnley stages the perfect ruse: a smashed canoe, a blood‑spattered shirt, and a trail leading nowhere. His abusive father, Big Pap, hollers like a man gone mad—but Huck is already ghost. He vaults into the Mississippi’s churning waters and swims to Jackson’s Island, where moonlight glints on the river like shattered glass. It’s here, dripping and breathless, that Huck meets “Red” Jim Jackson—Miss Watson’s manservant who’s on the run. Jim, eyes glowing with equal parts fear and defiance, holds a rusty hunting knife. Neither trusts the other at first. Then Huck offers Jim his only lifeline: friendship.

2. Midnight Alliance
They build a raft out of driftwood and stolen barrels, hammering nails by starlight while Jim hums an old spiritual that echoes through the cypress trees. Huck crackles a joke about ghosts in the fog; Jim nearly spits his tobacco in surprise—then they both laugh so hard their ribs ache. That first night, they swear a blood‑tie oath: “No one’s getting left behind.” The river swallows their raft, carrying them away from everything they know—and toward everything they’ve ever hoped for.

3. Queen and King of Con
As dawn paints the sky rose, Huck and Jim spot two slick strangers loitering on their raft: a pompous “Duke” in satin breeches and a wild‑eyed “King” who claims descent from French royalty. Their first act is to pirouette into a smoky river town, stage a theater performance, and vanish with the box‑office receipts. Huck stares at Jim—half‑outraged, half‑amused—and decides to play along…until the conmen drop Jim’s name at a poker table in a back‑alley dive. Huck’s hand hovers over his slingshot. It’s time to turn the tables.

4. The Con of the Conmen
Under a blood orange sunset, Huck slips ashore wearing a battered fedora and “speaks Southern” in perfect drawl. He sells locals on a counterfeit treasure map that leads to a sunken steamboat loaded with Confederate gold. The Duke and King run around in circles chasing phantoms, while Huck sneaks past their noses to lift their stash of stolen cash. He stuffs bundles into Jim’s arms as Jim clutches the knife like a talisman. They sprint through a field of fireflies, chasing the dying sky until their lungs burn—and then vanish into the river mist.

5. Betrayal at Phelps’s Farm
Just when freedom feels close enough to taste, the Duke and King retaliate. They bribe a crooked constable and sell Jim to the Phelps family—an orthodox clan so stingy they mark every empty chair at the dinner table. Huck watches from the rafters of the barn as Jim crouches in chains, humming that same old spiritual—but now there’s a tremor in his voice. Huck smashes through the stable door, slugs the constable with a frying pan, and a barn‑brawl erupts: swinging hay forks, overturned lanterns, horses whinnying in panic. Amid the chaos, Huck unlocks Jim’s shackles and yanks him to safety. They crash through the back door, leaving the Phelpses shouting into the dark.

6. Moonlit Liberation
On the riverbank, their raft bobbing with stolen hope, Jim pulls out a crumpled letter: Miss Watson’s will—Jim is free. Tears mix with the Mississippi’s spray as Jim yanks off his shackles and folds them into the fire. Huck watches, heart pounding: he’s never seen a freer man. They drop a match into the blaze and step back, silhouetted by flames. Behind them, the river whispers secrets of tomorrow. Before dawn, Huck looks Jim in the eye and says, “I’m not goin’ back to St. Petersburg.” Jim nods, tucks the knife in his belt, and replies, “Then neither am I.”","Photorealistic, adventure, high budget cinema. High-contrast chiaroscuro lighting and warm, dusty daytime hues evoke Southern Gothic. Dynamic tracking shots and whip‑pans propel the action, with split‑screen montages and nonlinear flash‑cuts for tension. A fusion soundtrack of delta blues and subtle beats underscores punchy sound design. Distressed title cards and freeze‑frames punctuate six lean, emotive beats.","Main Character: Huck “Quicksilver” Finnley
Appearance: A wiry, sun‑tanned sixteen‑year‑old with wind‑tousled blond hair, sharp blue eyes that miss nothing, and a perpetual half‑smirk. He wears a battered fedora, a sleeveless cotton shirt, and rolled‑up trousers—practical gear for a boy who’d rather be on the run than in shoes.

Personality: A born trickster with a golden heart—street‑smart, instinctive, and fiercely loyal. Huck’s quick wit lets him talk his way out of danger, but his true strength is empathy: he’ll risk everything for a friend. Despite his rebellious streak, he wrestles with what’s right and wrong, growing braver each time he chooses compassion over complacency.

Arc: From scrappy survivor faking his own death to a self‑made hero who defies society’s prejudices, Huck evolves into a young man who defines freedom on his own terms.","Video Production Style
Cinematic Palette & Lighting

High‑contrast chiaroscuro for nighttime river scenes—deep shadows punctuated by lantern glow and moonlight reflections on water.

Warm, dusty hues for daytime interiors (barns, back‑alley dives), giving a lived‑in, Southern Gothic feel.

Camera & Editing

Dynamic camera moves: fluid tracking on the raft, whip‑pans into sudden action, low‑angle “trunk shots” peeking out from under rafters during the Phelps farm raid.

Stylized montages with split screens showing Huck’s nimble fingers lifting cash as Jim keeps watch—quick cuts set to rhythm.

Nonlinear flash cuts (à la Tarantino) to jump ahead: a blood‑spattered shirt, then back to Huck lighting a match—building tension.

Sound & Music

Fusion soundtrack: remixed Delta blues guitar, sparse piano riffs, and subtle modern beats during heist sequences.

Punchy sound design: echoing thunder, creaking wood, splashing water, the metallic click of a knife—each heightened in close‑up.

Graphic Flourishes

Chapter title cards in distressed typewriter font between key beats (“The Midnight Alliance,” “Queen & King of Con,” etc.).

Occasional freeze‑frames on Huck’s grin or Jim’s steely gaze, with one‑line onscreen captions to punctuate turning points.

Pacing & Tone

Lean, propulsive storytelling: each of the six scenes clocks in around 5–7 seconds, balancing humor (Huck’s quips, Jim’s dry asides) with heartbeat‑racing action (barn brawl, river escape).

Emotional core: every stylistic flourish ultimately serves the bond between Huck and Jim—moments of quiet fellowship (starlit raft) cut through the chaos of their fugitive life.","Story Summary: Huck “Quicksilver” Finnley fakes his death, befriends runaway Jim, and navigates the Mississippi’s perils. Through cons, escapes, and loyalty, they redefine freedom, leaving their pasts behind for uncharted futures.

Scene 1: Huck “Quicksilver” Finnley smashes a canoe, leaving a blood-stained shirt as bait, then plunges into the Mississippi’s dark, churning waters, moonlight glinting like shattered glass.  
Scene 2: Huck “Quicksilver” Finnley and Jim build a raft under starlight, bonding over jokes and a blood-tie oath, the river carrying them away from their haunted pasts.  
Scene 3: Huck “Quicksilver” Finnley eyes the Duke and King with suspicion as they con a river town, their arrogance clashing with his growing protectiveness over Jim.  
Scene 4: Huck “Quicksilver” Finnley outsmarts the conmen, crafting a fake treasure map as Jim clutches his knife, the two sprinting through fireflies with stolen cash.  
Scene 5: Huck “Quicksilver” Finnley smashes into the Phelps’s barn, frying pan in hand, freeing Jim from chains amid a chaotic barn-brawl lit by swinging lanterns.  
Scene 6: Huck “Quicksilver” Finnley watches Jim burn his shackles under moonlight, the river whispering freedom as both vow never to return to their old lives.",https://storage.googleapis.com/video-rendering-toolkit-bucket/ff0bbebc-abf2-4a0d-a788-24ff5a87756c_captioned.mp4,9:16,🌐 Published,Uploaded,,Uploaded,,4/22/2025 8:32pm,5/5/2025 3:35am,"recLknMHEbWO20ez8,reciPK0puYly9YniI,reco5r2D7a0nud0lJ,rec5mgTlOoc44yBu0,recXOoMa6wBA3kJnv,recumtAfOcJwx8AvL,recbAu4gx5sJIxbed,recSAsIR2B1Z5fEB4,reccPhMl5hEnVMMzZ,recSc4myNe6pp8Eju,recycQ7OqEWWPxxKw,recO2B9IrHqR99Kcl,recwQg7aK7Hdo97XD,recV8n9hIQkWoPizw,recHcfBYNSKimr7ER,recdBjwKDWUw4KG4F,rechsuODLRHoLYJ45,recrgolVg6WBHeGhw,recfLIlCT7LKXlaR7","Image-Approved,Image-Approved,Image-Approved,Image-Approved,Image-Approved,Image-Approved,Video-Approved,Video-Approved,Video-Approved,Video-Approved,Video-Approved,Video-Approved,Voiceover-Approved,Voiceover-Approved,Voiceover-Approved,Voiceover-Approved,Voiceover-Approved,Voiceover-Approved,Music-Approved",No asset info
recGGBP9tv8Xdk4m9,Glitter‑Bomb Getaway,"Nastia never imagined a “luxury influencer retreat” could ghost its guests, but here she was: lakeside town of Beryozka, ring‑light in hand, staring at a locked cabin that should have housed fifty TikTok stars. The event organizer—a mysteriously absent @TravelGuruTrent—had fled with everyone’s deposit, leaving Nastia and a dozen wannabe collaborators wandering like lost flamingos.

Cue Luka Volkov: part‑time barista, full‑time sarcasm, owner of the cottage across the lane. He returned from his shift, arms loaded with coffee beans, only to find Nastia filming a desperate apology video in his driveway.

“Need a place to crash?” he asked, not out of charity but because she’d blocked the mailbox. Nastia looked at her three suitcases, ring light, and half‑melted contour sticks. “Does your couch allow emotional support glam squads?” she asked.

Five minutes later, she was inside. Luka’s cottage smelled of espresso and dusty vinyl records. Nastia repaid him with latte‑art lessons (she poured a flawless winged‑eyeliner heart in foam; he pretended not to be impressed). They struck a truce: she’d stay two weeks—long enough to salvage content—if she helped Luka film promo videos for his struggling café. Views for milk‑froth tutorials tripled overnight. Alliance achieved.

Trouble materialized via town bulletin board: the annual Blueberry‑Pie & Canoe Palooza. Grand prize for the “Dynamic Duo Canoe Race”: five thousand dollars plus lifetime pie vouchers—just enough for Nastia to launch her own makeup line and for Luka to buy a whisper‑quiet espresso machine.

Rule #1: teams must be “established duos” with proof of cooperation. Every year the town rewarded best friends, siblings, even dog‑owner pairs—anything that boosted Beryozka’s sappy tourism brand. Nastia saw opportunity. “We film together now,” she reasoned. “We’re a duo!”

Luka groaned. “I paddle like a fridge. Besides, we’d need a gimmick.”

Nastia’s eyes lit up at the word gimmick. Twenty‑four hours later, their polka‑dot canoe—painted hot‑pink with removable rhinestones—sparkled on the dock.

Training was a circus. Nastia shrieked whenever lakeweed tickled her pedicure; Luka rowed in zigzags. She bribed him with blueberry‑pie slices; he bribed her with caffeine. The townsfolk couldn’t look away. #PolkaCanoe trended regionally after Nastia live‑streamed Luka capsizing in dramatic slow‑mo.

Evenings were practice for “Dynamic Duo” chemistry. They staged fake “bestie high‑fives” outside Luka’s café; Nastia taught elderly patrons duck‑face selfies. Somewhere between whipped‑cream tutorials and pie‑eating outtakes, the laughs became real. Luka learned Nastia’s perfect contour hid a constellation of freckles; Nastia discovered Luka scribbled poetry on discarded coffee sleeves.

Festival day exploded with brass bands and blueberry aroma. Their rivals—two synchronized‑swimmer twins nicknamed “The Paddle Mermaids”—taunted them with choreographed warm‑ups. Nastia slipped on her sequined life vest—safety, but very extra. Luka duct‑taped a GoPro to his paddle, muttering, “For the highlight reel or for evidence—either way.”

Mid‑race, The Paddle Mermaids surged ahead. Nastia’s pep talk—“Row like your ex is catching up!”—didn’t help. Luka’s arms turned linguine.

Time for Plan G: Glitter‑bomb. Nastia pulled a fist‑sized sphere from her fanny pack. Luka choked. “Told you no explosive crafts!”

“It’s biodegradable,” she winked.

She lobbed. Rainbow glitter burst above the Mermaids, settling over them like disco dust. Temporarily blinded, they spun into a buoy. The crowd gasped, then cheered. Apparently Beryozka loved spectacle more than sportsmanship.

Nastia and Luka surged past, coughing sparkles. They crossed the finish line first—only to be slapped with a “minor misconduct” penalty. Mayor Babushka handed them the Fan‑Favorite Award instead: a cash envelope, pie vouchers, and two round‑trip railway tickets “for more dynamic adventures.”

The Paddle Mermaids seethed, still shimmering like disco balls. Nastia offered them hypoallergenic glitter wipes—then handed Luka the envelope. “Pie’s on me.”

Night settled over the lake. On the dock, they split a victory pie straight from the tin. Luka brushed stray glitter from Nastia’s cheek; it bounced off, determined to stick around another week.

She tapped the train tickets. “Guess the universe just booked us a collab tour.”

Luka laughed. “As long as you leave the explosive crafts at home.”

“No promises,” she said, flicking a rhinestone at him. It stuck to his forehead like a unicorn jewel.

They leaned back, watching the polka‑dot canoe drift under moonlight—sequins sparkling like new stars ready for the next outrageous chapter.", Sun-drenched cinematography,"Nastia — 20, dazzling beauty, viral makeup prodigy, perfectionist masking nerves with flawless contour and meme‑worthy confidence.","Sparkling lake, neon carnival, blueberry pies, rogue glitter bomb, polka‑dot canoe.","Story Summary: Nastia, a viral makeup star, is stranded in Beryozka after a scam retreat. Teaming up with Luka, a sarcastic barista, their glitter-bomb canoe escapade wins hearts and sparks an unexpected partnership.

Scene 1: Nastia, dazzling beauty, films a desperate apology video in Luka’s driveway, ring-light illuminating her flawless contour against the setting sun.  
Scene 2: Nastia, dazzling beauty, bargains with Luka for his couch, surrounded by suitcases and half-melted contour sticks, as espresso aroma fills the air.  
Scene 3: Nastia, dazzling beauty, teaches Luka latte-art, pouring a winged-eyeliner heart as their uneasy truce begins.  
Scene 4: Nastia, dazzling beauty, unveils a hot-pink polka-dot canoe, rhinestones glittering, to Luka’s dismay.  
Scene 5: Nastia, dazzling beauty, lobs a biodegradable glitter-bomb mid-race, temporarily blinding their rivals as the crowd erupts in cheers.  
Scene 6: Nastia, dazzling beauty, splits a victory pie with Luka on the dock, moonlight reflecting off the polka-dot canoe’s sequins.",https://storage.googleapis.com/video-rendering-toolkit-bucket/39a81467-4211-4a30-89fb-ced59b0de923_captioned.mp4,9:16,Publish,,Uploaded,,https://zimber.app.n8n.cloud/webhook-test/publish?record_id=recGGBP9tv8Xdk4m9&action=execute&aspect_ratio=9:16,4/22/2025 10:45pm,5/18/2025 5:01pm,"recXaI0OOq9beJ7sR,reck1Uq0WUSCBxfZi,recvJicmFfgBYeoLc,rechZ2s4ka40HXDCg,rec0caO7uDqwIeB02,rec0jeGBLrUTg9SB4,rec8l2WLRsumGyjQS,recDegc6tjf0NsIfg,recYkRouIJPXctRhx,recJ5Pm15zwL9ZndD,recoXqSBRXYkAKWdQ,reccqdLZnHvAORVAb,recGeCiZ7EkGqP83G,recTG3QDJqO0WAIrx,recyN0XxYBfCneFti,rec2nXN07gJ0RCuyx,recm9IeWjnpg4ylyz,rec5Sp7BX0H9KQuMA,rechiB6o6cmw5niLW","Image-Approved,Image-Approved,Image-Approved,Image-Approved,Image-Approved,Image-Approved,Video-Approved,Video-Approved,Video-Approved,Video-Approved,Video-Approved,Video-Approved,Voiceover-Approved,Voiceover-Approved,Voiceover-Approved,Voiceover-Approved,Voiceover-Approved,Voiceover-Approved,Music-Pending Approval",No asset info
recpJXvQeFSA4El6A,Photon-Powered AI & Privacy Update,"Lightmatter has unveiled its first transistor-free photonic accelerator, combining four stacked photonic engines with two electronic control chips to accelerate transformer workloads. Using Mach-Zehnder interferometers and ABFP16 scaling, it delivers 32-bit-level precision while completing 128×128 matrix multiplies in about 200 ps—100–1,000× faster than GPUs—offering dramatic energy and area savings. To drive adoption, Lightmatter should partner with cloud and hyperscale providers to embed its M1000 engines into AI clusters. Incogni now offers 60% off annual plans for its personal-data removal service, a timely incentive for privacy-conscious users; by adding enterprise-grade management and reporting, it can transition from a consumer tool to a corporate compliance partner.",Futuristic neon minimalism,"Lightmatter, Incogni","Use a gimbal-stabilized 4K camera at 60 fps to film neon-lit macro shots of chip waveguides, edit into rapid 5 s segments with smooth swipe transitions, kinetic Helvetica Neue pop-in text, light-trail animations, cool-blue-purple color grading, and punchy electronic SFX.","Story Summary: Lightmatter unveils its photonic accelerator, revolutionizing AI with energy efficiency. Incogni offers data privacy services, blending consumer and corporate compliance, both aiming to transform the digital landscape.

Scene 1: Lightmatter’s neon-lit photonic accelerator hums, Mach-Zehnder interferometers glowing in cool-blue-purple hues, kinetic Helvetica Neue text flashing “32-bit precision achieved.”  
Scene 2: Incogni’s interface glows, personal-data removal progress bars filling rapidly, smooth swipe transitions showcasing 60% off annual plans in futuristic neon minimalism.  
Scene 3: Lightmatter’s M1000 engines stack, photonic waveguides shimmering under gimbal-stabilized macro shots, electronic SFX accentuating 128×128 matrix multiplies in 200 ps.  
Scene 4: Incogni’s enterprise-grade dashboard lights up, reporting tools animating with light-trail effects, transitioning seamlessly from consumer privacy to corporate compliance.  
Scene 5: Lightmatter partners with hyperscale providers, neon-blue AI clusters illuminated, rapid 5s segments highlighting 100–1,000× faster performance than GPUs.  
Scene 6: Incogni’s final animation fades, punchy electronic SFX celebrating its dual role as a privacy tool and compliance partner in a futuristic digital ecosystem.",,9:16,🖼️ Generate Image,,,,,5/14/2025 12:25am,5/18/2025 11:39pm,"rec6BQ84ZSbSSgnuL,rec5MrAgtN4eoLW7k,recD6Ht1Ql2CEED4R,recaDeEl22SkpbIdT,recSxGuUuj9C0UyZF,rec7iu5Uf1iTM1PBI","Image-Approved,Image-Approved,Image-Approved,Image-Approved,Image-Approved,Image-Approved",🖼️ 6 ✅ | 0 ❌ | 0 ⏳
recdr4TrsceUFyHnH, Aeris and the Feathered Void,"Aeris, a sky-herder on a drifting cloud world, discovers a feathered creature born from dark matter—a remnant of the universe’s first breath. When it bonds to her heartbeat, it triggers a cosmic rift, drawing the attention of silence priests and light-eaters. Aeris must fly beyond the known stars to the Feathered Void, where forgotten skies sing and reality unravels.","Mythic sci-fi fantasy—dreamlike, lyrical, and emotionally rich, exploring themes of loss, rebirth, and cosmic wonder.","Aeris — a quiet, cloud-walking girl with storm-colored eyes and a flute carved from starbone.","Skybridges made of vapor, eclipse-born creatures, feathers that store memories, song-duels against silence, and a final flight that redefines what it means to live.","Story Summary: Aeris, a quiet sky-herder with storm-colored eyes, bonds with a feathered void creature. Pursued by silence priests, she journeys to the Feathered Void, where forgotten skies and unraveling realities await.

Scene 1: Aeris, a quiet sky-herder, treads a vapor skybridge, her starbone flute echoing as the feathered void creature emerges from swirling dark matter.  
Scene 2: Aeris, a quiet sky-herder, gasps as the creature bonds to her heartbeat, its feathers shimmering with ancient memories of forgotten skies.  
Scene 3: Aeris, a quiet sky-herder, flees across drifting clouds, pursued by silence priests whose shadowy forms swallow sound and light.  
Scene 4: Aeris, a quiet sky-herder, faces light-eaters in a song-duel, her starbone flute battling their eerie silence to protect the void creature.  
Scene 5: Aeris, a quiet sky-herder, soars beyond known stars, the void creature guiding her to the Feathered Void’s edge, where reality begins to unravel.  
Scene 6: Aeris, a quiet sky-herder, steps into the Feathered Void, her flute singing a melody that mends forgotten skies and redefines existence itself.",,9:16,Skip,,,,,5/18/2025 9:40am,5/18/2025 4:53pm,"recp8mUFbWOjXqrhf,recZfcQut70leg8sl,recQ5jDjiLRgLAQtC,recjwrrR47fQxeYGv,recKlN6GrBzaIMogo,recV5MzSWJ90loXzs","Image-Approved,Image-Approved,Image-Approved,Image-Approved,Image-Approved,Image-Approved",No asset info
recRAwnJjCic6jLY4, The Train Between Summers,"After her grandmother’s passing, Hana, a high school art student, spends the summer in a small seaside town helping her father clear out the old family home. There, she meets Yuto, a quiet boy who sketches trains and carries an old ticket he never used. As they explore forgotten railways and fading memories, Hana begins to heal—and uncover a connection between their families that runs deeper than time.","Realistic drama with a tender, coming-of-age feel—introspective, nostalgic, and emotionally resonant.",Hana — a thoughtful girl with a sketchbook full of unfinished dreams and a fear of moving on.,"Seaside sunsets, dusty attic boxes, train tracks lost to weeds, shared sketchbooks, handwritten letters, and the soft sound of waves blending with distant whistles.","Story Summary: Grieving her grandmother, Hana spends the summer in a seaside town, uncovering forgotten railways and a connection to Yuto, a boy with an old ticket and shared family ties.

Scene 1: Hana, sketchbook in hand, gazes at the ocean, waves echoing her grandmother’s voice in the soft breeze.  
Scene 2: Hana unearths dusty boxes in the attic, a yellowed train ticket slipping from an old envelope.  
Scene 3: Hana meets Yuto on overgrown tracks, his sketches of trains mirroring her unfinished dreams.  
Scene 4: Hana and Yuto explore abandoned railways, sunlight filtering through rusted tracks and tangled weeds.  
Scene 5: Hana discovers handwritten letters linking their families, her sketchbook filling with intertwined memories and new beginnings.  
Scene 6: Hana watches a train disappear into the horizon, her heart lighter, the tide blending with distant whistles.",,16:9,Skip,,,,,5/18/2025 4:54pm,5/18/2025 11:34pm,,,No asset info